video_id,movie,shot,frame_index,file
1029,12 Monkeys,shot_0196.mp4,15,msc_1029/shot_0196_frame_015.jpg
1029,12 Monkeys,shot_0651.mp4,15,msc_1029/shot_0651_frame_015.jpg
1029,12 Monkeys,shot_1106.mp4,15,msc_1029/shot_1106_frame_015.jpg
5,12 Years a Slave,shot_0110.mp4,15,msc_0005/shot_0110_frame_015.jpg
5,12 Years a Slave,shot_0364.mp4,15,msc_0005/shot_0364_frame_015.jpg
5,12 Years a Slave,shot_0618.mp4,15,msc_0005/shot_0618_frame_015.jpg
72,Apocalypse Now,shot_0239.mp4,15,msc_0072/shot_0239_frame_015.jpg
72,Apocalypse Now,shot_0795.mp4,15,msc_0072/shot_0795_frame_015.jpg
72,Apocalypse Now,shot_1350.mp4,15,msc_0072/shot_1350_frame_015.jpg
100,Batman Returns,shot_0267.mp4,15,msc_0100/shot_0267_frame_015.jpg
100,Batman Returns,shot_0890.mp4,15,msc_0100/shot_0890_frame_015.jpg
100,Batman Returns,shot_1512.mp4,15,msc_0100/shot_1512_frame_015.jpg
123,Body Heat,shot_0091.mp4,15,msc_0123/shot_0091_frame_015.jpg
123,Body Heat,shot_0304.mp4,15,msc_0123/shot_0304_frame_015.jpg
123,Body Heat,shot_0516.mp4,15,msc_0123/shot_0516_frame_015.jpg
131,Braveheart,shot_0465.mp4,15,msc_0131/shot_0465_frame_015.jpg
131,Braveheart,shot_1548.mp4,15,msc_0131/shot_1548_frame_015.jpg
131,Braveheart,shot_2631.mp4,15,msc_0131/shot_2631_frame_015.jpg
137,Broken Arrow,shot_0305.mp4,15,msc_0137/shot_0305_frame_015.jpg
137,Broken Arrow,shot_1017.mp4,15,msc_0137/shot_1017_frame_015.jpg
137,Broken Arrow,shot_1729.mp4,15,msc_0137/shot_1729_frame_015.jpg
178,Commando,shot_0277.mp4,15,msc_0178/shot_0277_frame_015.jpg
178,Commando,shot_0922.mp4,15,msc_0178/shot_0922_frame_015.jpg
178,Commando,shot_1566.mp4,15,msc_0178/shot_1566_frame_015.jpg
186,Crank,shot_0275.mp4,15,msc_0186/shot_0275_frame_015.jpg
186,Crank,shot_0914.mp4,15,msc_0186/shot_0914_frame_015.jpg
186,Crank,shot_1553.mp4,15,msc_0186/shot_1553_frame_015.jpg
1073,"Crouching Tiger, Hidden Dragon",shot_0247.mp4,15,msc_1073/shot_0247_frame_015.jpg
1073,"Crouching Tiger, Hidden Dragon",shot_0823.mp4,15,msc_1073/shot_0823_frame_015.jpg
1073,"Crouching Tiger, Hidden Dragon",shot_1399.mp4,15,msc_1073/shot_1399_frame_015.jpg
192,Cube,shot_0160.mp4,15,msc_0192/shot_0160_frame_015.jpg
192,Cube,shot_0532.mp4,15,msc_0192/shot_0532_frame_015.jpg
192,Cube,shot_0903.mp4,15,msc_0192/shot_0903_frame_015.jpg
268,Fargo,shot_0114.mp4,15,msc_0268/shot_0114_frame_015.jpg
268,Fargo,shot_0380.mp4,15,msc_0268/shot_0380_frame_015.jpg
268,Fargo,shot_0646.mp4,15,msc_0268/shot_0646_frame_015.jpg
274,Fight Club,shot_0354.mp4,15,msc_0274/shot_0354_frame_015.jpg
274,Fight Club,shot_1179.mp4,15,msc_0274/shot_1179_frame_015.jpg
274,Fight Club,shot_2003.mp4,15,msc_0274/shot_2003_frame_015.jpg
307,Gangs of New York,shot_0271.mp4,15,msc_0307/shot_0271_frame_015.jpg
307,Gangs of New York,shot_0903.mp4,15,msc_0307/shot_0903_frame_015.jpg
307,Gangs of New York,shot_1534.mp4,15,msc_0307/shot_1534_frame_015.jpg
328,Gran Torino,shot_0208.mp4,15,msc_0328/shot_0208_frame_015.jpg
328,Gran Torino,shot_0691.mp4,15,msc_0328/shot_0691_frame_015.jpg
328,Gran Torino,shot_1174.mp4,15,msc_0328/shot_1174_frame_015.jpg
348,He's Just Not That Into You,shot_0180.mp4,15,msc_0348/shot_0180_frame_015.jpg
348,He's Just Not That Into You,shot_0598.mp4,15,msc_0348/shot_0598_frame_015.jpg
348,He's Just Not That Into You,shot_1015.mp4,15,msc_0348/shot_1015_frame_015.jpg
349,Heat,shot_0300.mp4,15,msc_0349/shot_0300_frame_015.jpg
349,Heat,shot_1000.mp4,15,msc_0349/shot_1000_frame_015.jpg
349,Heat,shot_1700.mp4,15,msc_0349/shot_1700_frame_015.jpg
386,Inception,shot_0392.mp4,15,msc_0386/shot_0392_frame_015.jpg
386,Inception,shot_1305.mp4,15,msc_0386/shot_1305_frame_015.jpg
386,Inception,shot_2218.mp4,15,msc_0386/shot_2218_frame_015.jpg
393,Inglourious Basterds,shot_0218.mp4,15,msc_0393/shot_0218_frame_015.jpg
393,Inglourious Basterds,shot_0724.mp4,15,msc_0393/shot_0724_frame_015.jpg
393,Inglourious Basterds,shot_1230.mp4,15,msc_0393/shot_1230_frame_015.jpg
414,Jaws,shot_0187.mp4,15,msc_0414/shot_0187_frame_015.jpg
414,Jaws,shot_0622.mp4,15,msc_0414/shot_0622_frame_015.jpg
414,Jaws,shot_1057.mp4,15,msc_0414/shot_1057_frame_015.jpg
429,Jurassic Park,shot_0200.mp4,15,msc_0429/shot_0200_frame_015.jpg
429,Jurassic Park,shot_0664.mp4,15,msc_0429/shot_0664_frame_015.jpg
429,Jurassic Park,shot_1128.mp4,15,msc_0429/shot_1128_frame_015.jpg
430,Jurassic Park III,shot_0221.mp4,15,msc_0430/shot_0221_frame_015.jpg
430,Jurassic Park III,shot_0736.mp4,15,msc_0430/shot_0736_frame_015.jpg
430,Jurassic Park III,shot_1250.mp4,15,msc_0430/shot_1250_frame_015.jpg
453,L.A. Confidential,shot_0267.mp4,15,msc_0453/shot_0267_frame_015.jpg
453,L.A. Confidential,shot_0890.mp4,15,msc_0453/shot_0890_frame_015.jpg
453,L.A. Confidential,shot_1513.mp4,15,msc_0453/shot_1513_frame_015.jpg
468,Les Misérables,shot_0383.mp4,15,msc_0468/shot_0383_frame_015.jpg
468,Les Misérables,shot_1275.mp4,15,msc_0468/shot_1275_frame_015.jpg
468,Les Misérables,shot_2166.mp4,15,msc_0468/shot_2166_frame_015.jpg
478,Lincoln,shot_0138.mp4,15,msc_0478/shot_0138_frame_015.jpg
478,Lincoln,shot_0460.mp4,15,msc_0478/shot_0460_frame_015.jpg
478,Lincoln,shot_0781.mp4,15,msc_0478/shot_0781_frame_015.jpg
508,Marley & Me,shot_0233.mp4,15,msc_0508/shot_0233_frame_015.jpg
508,Marley & Me,shot_0775.mp4,15,msc_0508/shot_0775_frame_015.jpg
508,Marley & Me,shot_1317.mp4,15,msc_0508/shot_1317_frame_015.jpg
538,Mission: Impossible,shot_0231.mp4,15,msc_0538/shot_0231_frame_015.jpg
538,Mission: Impossible,shot_0769.mp4,15,msc_0538/shot_0769_frame_015.jpg
538,Mission: Impossible,shot_1306.mp4,15,msc_0538/shot_1306_frame_015.jpg
552,Mr. Brooks,shot_0205.mp4,15,msc_0552/shot_0205_frame_015.jpg
552,Mr. Brooks,shot_0683.mp4,15,msc_0552/shot_0683_frame_015.jpg
552,Mr. Brooks,shot_1160.mp4,15,msc_0552/shot_1160_frame_015.jpg
560,Mute Witness,shot_0268.mp4,15,msc_0560/shot_0268_frame_015.jpg
560,Mute Witness,shot_0892.mp4,15,msc_0560/shot_0892_frame_015.jpg
560,Mute Witness,shot_1516.mp4,15,msc_0560/shot_1516_frame_015.jpg
629,Planet of the Apes,shot_0172.mp4,15,msc_0629/shot_0172_frame_015.jpg
629,Planet of the Apes,shot_0572.mp4,15,msc_0629/shot_0572_frame_015.jpg
629,Planet of the Apes,shot_0972.mp4,15,msc_0629/shot_0972_frame_015.jpg
640,Pretty Woman,shot_0170.mp4,15,msc_0640/shot_0170_frame_015.jpg
640,Pretty Woman,shot_0566.mp4,15,msc_0640/shot_0566_frame_015.jpg
640,Pretty Woman,shot_0962.mp4,15,msc_0640/shot_0962_frame_015.jpg
677,Ring,shot_0100.mp4,15,msc_0677/shot_0100_frame_015.jpg
677,Ring,shot_0333.mp4,15,msc_0677/shot_0333_frame_015.jpg
677,Ring,shot_0565.mp4,15,msc_0677/shot_0565_frame_015.jpg
707,Serenity,shot_0321.mp4,15,msc_0707/shot_0321_frame_015.jpg
707,Serenity,shot_1068.mp4,15,msc_0707/shot_1068_frame_015.jpg
707,Serenity,shot_1814.mp4,15,msc_0707/shot_1814_frame_015.jpg
734,Source Code,shot_0217.mp4,15,msc_0734/shot_0217_frame_015.jpg
734,Source Code,shot_0722.mp4,15,msc_0734/shot_0722_frame_015.jpg
734,Source Code,shot_1226.mp4,15,msc_0734/shot_1226_frame_015.jpg
799,The Best Exotic Marigold Hotel,shot_0224.mp4,15,msc_0799/shot_0224_frame_015.jpg
799,The Best Exotic Marigold Hotel,shot_0744.mp4,15,msc_0799/shot_0744_frame_015.jpg
799,The Best Exotic Marigold Hotel,shot_1264.mp4,15,msc_0799/shot_1264_frame_015.jpg
800,The Big Lebowski,shot_0161.mp4,15,msc_0800/shot_0161_frame_015.jpg
800,The Big Lebowski,shot_0535.mp4,15,msc_0800/shot_0535_frame_015.jpg
800,The Big Lebowski,shot_0909.mp4,15,msc_0800/shot_0909_frame_015.jpg
809,The Bodyguard,shot_0323.mp4,15,msc_0809/shot_0323_frame_015.jpg
809,The Bodyguard,shot_1076.mp4,15,msc_0809/shot_1076_frame_015.jpg
809,The Bodyguard,shot_1828.mp4,15,msc_0809/shot_1828_frame_015.jpg
813,The Bounty Hunter,shot_0302.mp4,15,msc_0813/shot_0302_frame_015.jpg
813,The Bounty Hunter,shot_1007.mp4,15,msc_0813/shot_1007_frame_015.jpg
813,The Bounty Hunter,shot_1711.mp4,15,msc_0813/shot_1711_frame_015.jpg
817,The Bourne Ultimatum,shot_0415.mp4,15,msc_0817/shot_0415_frame_015.jpg
817,The Bourne Ultimatum,shot_1381.mp4,15,msc_0817/shot_1381_frame_015.jpg
817,The Bourne Ultimatum,shot_2347.mp4,15,msc_0817/shot_2347_frame_015.jpg
829,The Cider House Rules,shot_0177.mp4,15,msc_0829/shot_0177_frame_015.jpg
829,The Cider House Rules,shot_0589.mp4,15,msc_0829/shot_0589_frame_015.jpg
829,The Cider House Rules,shot_1000.mp4,15,msc_0829/shot_1000_frame_015.jpg
854,The Fault in Our Stars,shot_0281.mp4,15,msc_0854/shot_0281_frame_015.jpg
854,The Fault in Our Stars,shot_0937.mp4,15,msc_0854/shot_0937_frame_015.jpg
854,The Fault in Our Stars,shot_1593.mp4,15,msc_0854/shot_1593_frame_015.jpg
864,The Godfather,shot_0188.mp4,15,msc_0864/shot_0188_frame_015.jpg
864,The Godfather,shot_0625.mp4,15,msc_0864/shot_0625_frame_015.jpg
864,The Godfather,shot_1062.mp4,15,msc_0864/shot_1062_frame_015.jpg
872,The Green Mile,shot_0360.mp4,15,msc_0872/shot_0360_frame_015.jpg
872,The Green Mile,shot_1199.mp4,15,msc_0872/shot_1199_frame_015.jpg
872,The Green Mile,shot_2038.mp4,15,msc_0872/shot_2038_frame_015.jpg
874,The Hangover,shot_0271.mp4,15,msc_0874/shot_0271_frame_015.jpg
874,The Hangover,shot_0903.mp4,15,msc_0874/shot_0903_frame_015.jpg
874,The Hangover,shot_1535.mp4,15,msc_0874/shot_1535_frame_015.jpg
897,The Island,shot_0407.mp4,15,msc_0897/shot_0407_frame_015.jpg
897,The Island,shot_1356.mp4,15,msc_0897/shot_1356_frame_015.jpg
897,The Island,shot_2304.mp4,15,msc_0897/shot_2304_frame_015.jpg
936,The Pianist,shot_0182.mp4,15,msc_0936/shot_0182_frame_015.jpg
936,The Pianist,shot_0606.mp4,15,msc_0936/shot_0606_frame_015.jpg
936,The Pianist,shot_1030.mp4,15,msc_0936/shot_1030_frame_015.jpg
948,The Reader,shot_0194.mp4,15,msc_0948/shot_0194_frame_015.jpg
948,The Reader,shot_0644.mp4,15,msc_0948/shot_0644_frame_015.jpg
948,The Reader,shot_1094.mp4,15,msc_0948/shot_1094_frame_015.jpg
974,The Terminator,shot_0278.mp4,15,msc_0974/shot_0278_frame_015.jpg
974,The Terminator,shot_0926.mp4,15,msc_0974/shot_0926_frame_015.jpg
974,The Terminator,shot_1573.mp4,15,msc_0974/shot_1573_frame_015.jpg
980,The Truman Show,shot_0210.mp4,15,msc_0980/shot_0210_frame_015.jpg
980,The Truman Show,shot_0699.mp4,15,msc_0980/shot_0699_frame_015.jpg
980,The Truman Show,shot_1187.mp4,15,msc_0980/shot_1187_frame_015.jpg
1012,Top Gun,shot_0282.mp4,15,msc_1012/shot_0282_frame_015.jpg
1012,Top Gun,shot_0938.mp4,15,msc_1012/shot_0938_frame_015.jpg
1012,Top Gun,shot_1593.mp4,15,msc_1012/shot_1593_frame_015.jpg
1030,Twilight,shot_0265.mp4,15,msc_1030/shot_0265_frame_015.jpg
1030,Twilight,shot_0882.mp4,15,msc_1030/shot_0882_frame_015.jpg
1030,Twilight,shot_1499.mp4,15,msc_1030/shot_1499_frame_015.jpg
1032,Twins,shot_0171.mp4,15,msc_1032/shot_0171_frame_015.jpg
1032,Twins,shot_0569.mp4,15,msc_1032/shot_0569_frame_015.jpg
1032,Twins,shot_0967.mp4,15,msc_1032/shot_0967_frame_015.jpg
1047,Vertigo,shot_0166.mp4,15,msc_1047/shot_0166_frame_015.jpg
1047,Vertigo,shot_0551.mp4,15,msc_1047/shot_0551_frame_015.jpg
1047,Vertigo,shot_0936.mp4,15,msc_1047/shot_0936_frame_015.jpg
1068,Wild Things,shot_0173.mp4,15,msc_1068/shot_0173_frame_015.jpg
1068,Wild Things,shot_0576.mp4,15,msc_1068/shot_0576_frame_015.jpg
1068,Wild Things,shot_0978.mp4,15,msc_1068/shot_0978_frame_015.jpg
