imdb,movie,issue_en,issue_pt
tt0281358,A Walk to Remember,No correspondence found between the official ground truth and the video content.,Nenhuma correspondência encontrada entre o groundtruth oficial e o conteúdo do vídeo.
tt0319061,Big Fish,Isolated discrepancy in the scene ground truth (near frame 58656) that could not be confidently reconciled.,Discrepância isolada no groundtruth de cena (próximo ao frame 58656) que não pôde ser reconciliada com confiança.
tt0099423,Die Hard 2,A specific scene boundary (scene 184) required a frame-range adjustment that would have altered the official annotation rather than merely reproducing it.,Uma fronteira de cena específica (cena 184) exigiria um ajuste de intervalo de frames que alteraria a anotação oficial em vez de apenas reproduzi-la.
tt0172495,Gladiator,Scene-level ground truth showed a frame-count discrepancy in at least one scene relative to the video.,"O groundtruth em nível de cena apresentou uma discrepância na contagem de frames em pelo menos uma cena, em relação ao vídeo."
tt0116922,Lost Highway,No correspondence found between the official ground truth and the video content.,Nenhuma correspondência encontrada entre o groundtruth oficial e o conteúdo do vídeo.
tt0086190,Star Wars: Episode VI - Return of the Jedi,No correspondence found between the official ground truth and the video content.,Nenhuma correspondência encontrada entre o groundtruth oficial e o conteúdo do vídeo.
tt2488496,Star Wars: Episode VII - The Force Awakens,No correspondence found between the official ground truth and the video content.,Nenhuma correspondência encontrada entre o groundtruth oficial e o conteúdo do vídeo.
tt0075314,Taxi Driver,No correspondence found between the official ground truth and the video content.,Nenhuma correspondência encontrada entre o groundtruth oficial e o conteúdo do vídeo.
tt0108399,True Romance,"Frame-count offset relative to the ground truth increased progressively over the course of the video, suggesting cumulative desynchronization with the specific source copy used.","O deslocamento na contagem de frames em relação ao groundtruth aumentou progressivamente ao longo do vídeo, sugerindo uma dessincronização cumulativa com a cópia-fonte específica utilizada."
tt0409459,Watchmen,"Several shot changes present in the video were not reflected in the official shot-boundary annotation, indicating severe desynchronization.","Diversas trocas de plano presentes no vídeo não foram refletidas na anotação oficial de fronteiras de plano, indicando dessincronização severa."
