id,movie
5,12 Years a Slave
32,A Walk to Remember
72,Apocalypse Now
100,Batman Returns
110,Big Fish
123,Body Heat
131,Braveheart
137,Broken Arrow
178,Commando
186,Crank
192,Cube
212,Die Hard 2
268,Fargo
274,Fight Club
307,Gangs of New York
322,Gladiator
328,Gran Torino
348,He's Just Not That Into You
349,Heat
386,Inception
393,Inglourious Basterds
414,Jaws
429,Jurassic Park
430,Jurassic Park III
453,L.A. Confidential
468,Les Misérables
478,Lincoln
487,Lost Highway
508,Marley & Me
538,Mission: Impossible
552,Mr. Brooks
560,Mute Witness
629,Planet of the Apes
640,Pretty Woman
677,Ring
707,Serenity
734,Source Code
753,Star Wars: Episode VI - Return of the Jedi
754,Star Wars: Episode VII - The Force Awakens
778,Taxi Driver
799,The Best Exotic Marigold Hotel
800,The Big Lebowski
809,The Bodyguard
813,The Bounty Hunter
817,The Bourne Ultimatum
829,The Cider House Rules
854,The Fault in Our Stars
864,The Godfather
872,The Green Mile
874,The Hangover
897,The Island
936,The Pianist
948,The Reader
974,The Terminator
980,The Truman Show
1012,Top Gun
1026,True Romance
1029,12 Monkeys
1030,Twilight
1032,Twins
1047,Vertigo
1058,Watchmen
1068,Wild Things
1073,"Crouching Tiger, Hidden Dragon"
