msc_id,imdb_id,titleType,primaryTitle,originalTitle,startYear,runtimeMinutes,genres,fileName,
MSC_0005,tt2024544,movie,12 Years a Slave,12 Years a Slave,2013,134,"Biography,Drama,History",12_Years_a_Slave_2013.mp4,
MSC_0032,tt0281358,movie,A Walk to Remember,A Walk to Remember,2002,101,"Drama,Romance",A_Walk_to_Remember_2002_b.mkv,A_Walk_to_Remember_2002.mp4
MSC_0072,tt0078788,movie,Apocalypse Now,Apocalypse Now,1979,147,"Drama,Mystery,War",Apocalypse_Now_1979.mp4,
MSC_0100,tt0103776,movie,Batman Returns,Batman Returns,1992,126,"Action,Crime,Fantasy",Batman_Returns_1992.mp4,
MSC_0110,tt0319061,movie,Big Fish,Big Fish,2003,125,"Adventure,Drama,Fantasy",Big_Fish_2003.mkv,
MSC_0123,tt0082089,movie,Body Heat,Body Heat,1981,113,"Crime,Drama,Romance",Body_Heat_1981.mp4,
MSC_0131,tt0112573,movie,Braveheart,Braveheart,1995,178,"Biography,Drama,War",Braveheart_1995.mp4,
MSC_0137,tt0115759,movie,Broken Arrow,Broken Arrow,1996,108,"Action,Adventure,Thriller",Broken_Arrow_1996.mp4,
MSC_0178,tt0088944,movie,Commando,Commando,1985,90,"Action,Adventure,Thriller",Commando_1985.mp4,
MSC_0186,tt0479884,movie,Crank,Crank,2006,88,"Action,Crime,Thriller",Crank_2006.mp4,
MSC_0192,tt0123755,movie,Cube,Cube,1997,90,"Horror,Mystery,Sci-Fi",Cube_1997.mp4,
MSC_0212,tt0099423,movie,Die Hard 2,Die Hard 2,1990,124,"Action,Thriller",Die_Hard_2_1990.mp4,
MSC_0268,tt0116282,movie,Fargo,Fargo,1996,98,"Crime,Drama,Thriller",Fargo_1996.mkv,
MSC_0274,tt0137523,movie,Fight Club,Fight Club,1999,139,"Crime,Drama,Thriller",Fight_Club_1999.mp4,
MSC_0307,tt0217505,movie,Gangs of New York,Gangs of New York,2002,167,"Crime,Drama",Gangs_of_New_York_2002.mp4,
MSC_0322,tt0172495,movie,Gladiator,Gladiator,2000,155,"Action,Adventure,Drama",Gladiator_2000.mp4,
MSC_0328,tt1205489,movie,Gran Torino,Gran Torino,2008,116,Drama,Gran_Torino_2008.mp4,
MSC_0348,tt1001508,movie,He's Just Not That Into You,He's Just Not That Into You,2009,129,"Comedy,Drama,Romance",Hes_Just_Not_That_Into_You_2009.mp4,
MSC_0349,tt0113277,movie,Heat,Heat,1995,170,"Action,Crime,Drama",Heat_1995.mkv,
MSC_0386,tt1375666,movie,Inception,Inception,2010,148,"Action,Adventure,Sci-Fi",Inception_2010.mkv,
MSC_0393,tt0361748,movie,Inglourious Basterds,Inglourious Basterds,2009,153,"Adventure,Drama,War",Inglourious_Basterds_2009.mp4,
MSC_0414,tt0073195,movie,Jaws,Jaws,1975,124,"Adventure,Horror,Thriller",Jaws_1975.mp4,
MSC_0429,tt0107290,movie,Jurassic Park,Jurassic Park,1993,127,"Action,Adventure,Sci-Fi",Jurassic_Park_1993.mp4,
MSC_0430,tt0163025,movie,Jurassic Park III,Jurassic Park III,2001,92,"Action,Adventure,Sci-Fi",Jurassic_Park_III_2001.mp4,
MSC_0453,tt0119488,movie,L.A. Confidential,L.A. Confidential,1997,138,"Crime,Drama,Mystery",L_A_Confidential_1997.mkv,
MSC_0468,tt1707386,movie,Les Misérables,Les Misérables,2012,158,"Drama,Musical,Romance",Les_Miserables_2012.mp4,
MSC_0478,tt0443272,movie,Lincoln,Lincoln,2012,150,"Biography,Drama,History",Lincoln_2012.mp4,
MSC_0487,tt0116922,movie,Lost Highway,Lost Highway,1997,134,"Drama,Mystery,Thriller",Lost_Highway_1997_b.mp4,Lost_Highway_1997.mkv
MSC_0508,tt0822832,movie,Marley & Me,Marley & Me,2008,115,"Drama,Family",Marley_and_Me_2008.mp4,
MSC_0538,tt0117060,movie,Mission: Impossible,Mission: Impossible,1996,110,"Action,Adventure,Thriller",Mission_Impossible_1996.mp4,
MSC_0552,tt0780571,movie,Mr. Brooks,Mr. Brooks,2007,120,"Crime,Drama,Mystery",Mr_Brooks_2007.mp4,
MSC_0560,tt0110604,movie,Mute Witness,Mute Witness,1995,95,"Crime,Horror,Thriller",Mute_Witness_1995_b.mkv,Mute_Witness_1995.mp4
MSC_0629,tt0063442,movie,Planet of the Apes,Planet of the Apes,1968,112,"Adventure,Sci-Fi",Planet_Of_The_Apes_1968.mp4,
MSC_0640,tt0100405,movie,Pretty Woman,Pretty Woman,1990,119,"Comedy,Romance",Pretty_Woman_1990.mp4,
MSC_0677,tt0178868,movie,Ring,Ringu,1998,96,"Horror,Mystery",Ringu_1998.mkv,
MSC_0707,tt0379786,movie,Serenity,Serenity,2005,119,"Action,Adventure,Sci-Fi",Serenity_2005.mkv,
MSC_0734,tt0945513,movie,Source Code,Source Code,2011,93,"Action,Drama,Mystery",Source_Code_2011.mp4,
MSC_0753,tt0086190,movie,Star Wars: Episode VI - Return of the Jedi,Star Wars: Episode VI - Return of the Jedi,1983,131,"Action,Adventure,Fantasy",Star_Wars_Episode_VII_-_The_Force_Awakens_2015_b.mp4,Star_Wars_Episode_VII_-_The_Force_Awakens_2015.mp4
MSC_0754,tt2488496,movie,Star Wars: Episode VII - The Force Awakens,Star Wars: Episode VII - The Force Awakens,2015,138,"Action,Adventure,Sci-Fi",Star_Wars_Episode_VI_-_Return_Of_The_Jedi_1983_b.mp4,Star_Wars_Episode_VI_-_Return_Of_The_Jedi_1983.mp4
MSC_0778,tt0075314,movie,Taxi Driver,Taxi Driver,1976,114,"Crime,Drama",Taxi_Driver_1976_b.mp4,Taxi_Driver_1976.mkv
MSC_0799,tt1412386,movie,The Best Exotic Marigold Hotel,The Best Exotic Marigold Hotel,2011,124,"Comedy,Drama,Romance",The_Best_Exotic_Marigold_Hotel_2011.mp4,
MSC_0800,tt0118715,movie,The Big Lebowski,The Big Lebowski,1998,117,"Comedy,Crime",The_Big_Lebowski_1998.mp4,
MSC_0809,tt0103855,movie,The Bodyguard,The Bodyguard,1992,129,"Drama,Music,Romance",The_Bodyguard_1992.mp4,
MSC_0813,tt1038919,movie,The Bounty Hunter,The Bounty Hunter,2010,110,"Action,Comedy,Romance",The_Bounty_Hunter_2010.mp4,
MSC_0817,tt0440963,movie,The Bourne Ultimatum,The Bourne Ultimatum,2007,115,"Action,Mystery,Thriller",The_Bourne_Ultimatum_2007.mp4,
MSC_0829,tt0124315,movie,The Cider House Rules,The Cider House Rules,1999,126,"Drama,Romance",The_Cider_House_Rules_1999.mp4,
MSC_0854,tt2582846,movie,The Fault in Our Stars,The Fault in Our Stars,2014,126,"Drama,Romance",The_Fault_in_Our_Stars_2014.mp4,
MSC_0864,tt0068646,movie,The Godfather,The Godfather,1972,175,"Crime,Drama",The_Godfather_1972.mp4,
MSC_0872,tt0120689,movie,The Green Mile,The Green Mile,1999,189,"Crime,Drama,Fantasy",The_Green_Mile_1999.mp4,
MSC_0874,tt1119646,movie,The Hangover,The Hangover,2009,100,Comedy,The_Hangover_2009.mp4,
MSC_0897,tt0399201,movie,The Island,The Island,2005,136,"Action,Sci-Fi,Thriller",The_Island_2005.mp4,
MSC_0936,tt0253474,movie,The Pianist,The Pianist,2002,150,"Biography,Drama,Music",The_Pianist_2002.mp4,
MSC_0948,tt0976051,movie,The Reader,The Reader,2008,124,"Drama,Mystery,Romance",The_Reader_2008.mp4,
MSC_0974,tt0088247,movie,The Terminator,The Terminator,1984,107,"Action,Adventure,Sci-Fi",The_Terminator_1984.mp4,
MSC_0980,tt0120382,movie,The Truman Show,The Truman Show,1998,103,"Comedy,Drama",The_Truman_Show_1998.mkv,
MSC_1012,tt0092099,movie,Top Gun,Top Gun,1986,109,"Action,Drama",Top_Gun_1986.mp4,
MSC_1026,tt0108399,movie,True Romance,True Romance,1993,119,"Crime,Drama,Romance",True_Romance_1993_b.mp4,True_Romance_1993.mp4
MSC_1029,tt0114746,movie,12 Monkeys,Twelve Monkeys,1995,129,"Mystery,Sci-Fi,Thriller",Twelve_Monkeys_1995.mp4,
MSC_1030,tt1099212,movie,Twilight,Twilight,2008,122,"Drama,Fantasy,Romance",Twilight_Saga_2008.mp4,
MSC_1032,tt0096320,movie,Twins,Twins,1988,107,"Comedy,Crime",Twins_1988.mp4,
MSC_1047,tt0052357,movie,Vertigo,Vertigo,1958,128,"Mystery,Romance,Thriller",Vertigo_1958.mp4,
MSC_1058,tt0409459,movie,Watchmen,Watchmen,2009,162,"Action,Drama,Mystery",Watchmen_2009.mp4,
MSC_1068,tt0120890,movie,Wild Things,Wild Things,1998,108,"Crime,Drama,Mystery",Wild_Things_1998.mp4,
MSC_1073,tt0190332,movie,"Crouching Tiger, Hidden Dragon",Wo hu cang long,2000,120,"Action,Adventure,Drama",Crouching_Tiger_Hidden_Dragon_2000.mp4,