msc_id,imdb_id,movie_title,bbfc_release_version,bbfc_runtime,fps,frame_count,shot_count,scene_count
MSC_1029,tt0114746,12 Monkeys,"Cinema, 2015",02:09:23,23.976,186312,1302,145
MSC_0005,tt2024544,12 Years a Slave,"Cinema, 2013",02:13:55,23.976,192840,728,117
MSC_0072,tt0078788,Apocalypse Now,"HE, 2001",03:22:00,23.976,290880,1589,106
MSC_0100,tt0103776,Batman Returns,"Cinema, 2019",02:06:18,23.976,181872,1779,109
MSC_0123,tt0082089,Body Heat,"Cinema, 1981",01:53:02,23.976,162768,607,93
MSC_0131,tt0112573,Braveheart,"Cinema, 1995",02:57:33,23.976,255672,3096,159
MSC_0137,tt0115759,Broken Arrow,"Cinema, 1996",01:48:10,23.976,155760,2034,205
MSC_0178,tt0088944,Commando,"Cinema, 1985",01:29:52,23.976,129408,1843,50
MSC_0186,tt0479884,Crank,"Cinema, 2006",01:27:51,23.976,126504,1828,173
MSC_1073,tt0190332,"Crouching Tiger, Hidden Dragon","Cinema, 2000",01:59:59,23.976,172776,1646,110
MSC_0192,tt0123755,Cube,"Cinema, 1998",01:30:18,23.976,130032,1063,33
MSC_0268,tt0116282,Fargo,"Cinema, 1996",01:37:46,23.976,140784,760,70
MSC_0274,tt0137523,Fight Club,"Cinema, 2014",02:19:00,23.976,200160,2357,216
MSC_0307,tt0217505,Gangs of New York,"Cinema, 2023",02:46:59,23.976,240456,1805,106
MSC_0328,tt1205489,Gran Torino,"Cinema, 2008",01:56:24,23.976,167616,1381,131
MSC_0348,tt1001508,He's Just Not That Into You,"Cinema, 2009",02:09:09,23.976,185976,1195,102
MSC_0349,tt0113277,Heat,"Other, 2016",02:50:26,23.976,245424,2000,193
MSC_0386,tt1375666,Inception,"Cinema, 2010",02:27:57,23.976,213048,2610,264
MSC_0393,tt0361748,Inglourious Basterds,"Cinema, 2009",02:32:39,23.976,219816,1448,53
MSC_0414,tt0073195,Jaws,"Cinema, 2022",02:03:56,23.976,178464,1244,101
MSC_0429,tt0107290,Jurassic Park,"Cinema, 1993",02:06:30,23.976,182160,1328,157
MSC_0430,tt0163025,Jurassic Park III,"Cinema, 2001",01:32:29,23.976,133176,1471,73
MSC_0453,tt0119488,L.A. Confidential,"Cinema, 1998",02:12:08,23.976,190272,1780,62
MSC_0468,tt1707386,Les Misérables,"Cinema, 2012",02:37:49,23.976,227256,2549,228
MSC_0478,tt0443272,Lincoln,"Cinema, 2012",02:30:16,23.976,216384,919,91
MSC_0508,tt0822832,Marley & Me,"Cinema, 2008",01:55:23,23.976,166152,1550,159
MSC_0538,tt0117060,Mission: Impossible,"Cinema, 2015",01:50:05,23.976,158520,1537,266
MSC_0552,tt0780571,Mr. Brooks,"Cinema, 2007",02:00:29,23.976,173496,1365,89
MSC_0560,tt0110604,Mute Witness,"Cinema, 1995",01:36:30,23.976,138960,1784,112
MSC_0629,tt0063442,Planet of the Apes,"Cinema, 1968",01:51:53,23.976,161112,1144,37
MSC_0640,tt0100405,Pretty Woman,"Cinema, 1990",01:59:29,23.976,172056,1132,69
MSC_0677,tt0178868,Ring,"Cinema, 2000",01:35:20,23.976,137280,665,82
MSC_0707,tt0379786,Serenity,"HE, 2006",01:53:59,23.976,164136,2135,68
MSC_0734,tt0945513,Source Code,"Cinema, 2011",01:33:13,23.976,134232,1443,103
MSC_0799,tt1412386,The Best Exotic Marigold Hotel,"Cinema, 2012",02:03:34,23.976,177936,1488,214
MSC_0800,tt0118715,The Big Lebowski,"Cinema, 1998",01:56:53,23.976,168312,1070,55
MSC_0809,tt0103855,The Bodyguard,"Cinema, 1992",02:09:08,23.976,185952,2151,128
MSC_0813,tt1038919,The Bounty Hunter,"Cinema, 2010",01:50:28,23.976,159072,2013,106
MSC_0817,tt0440963,The Bourne Ultimatum,"Cinema, 2007",01:55:02,23.976,165648,2761,309
MSC_0829,tt0124315,The Cider House Rules,"Cinema, 2000",02:05:33,23.976,180792,1177,145
MSC_0854,tt2582846,The Fault in Our Stars,"Other, 2014",02:13:10,23.976,191760,1874,147
MSC_0864,tt0068646,The Godfather,"Cinema, 1996",02:57:28,23.976,255552,1250,197
MSC_0872,tt0120689,The Green Mile,"Other, 2014",03:08:37,23.976,271608,2398,134
MSC_0874,tt1119646,The Hangover,"HE, 2009",01:48:00,23.976,155520,1806,113
MSC_0897,tt0399201,The Island,"Cinema, 2005",02:15:58,23.976,195792,2711,183
MSC_0936,tt0253474,The Pianist,"Cinema, 2002",02:28:41,23.976,214104,1212,145
MSC_0948,tt0976051,The Reader,"Cinema, 2008",02:03:47,23.976,178248,1288,136
MSC_0974,tt0088247,The Terminator,"Cinema, 1984",01:47:01,23.976,154104,1851,49
MSC_0980,tt0120382,The Truman Show,"Cinema, 1998",01:42:54,23.976,148176,1397,107
MSC_1012,tt0092099,Top Gun,"Cinema, 2026",01:49:19,23.976,157416,1875,148
MSC_1030,tt1099212,Twilight,"Cinema, 2008",02:01:42,23.976,175248,1764,151
MSC_1032,tt0096320,Twins,"Cinema, 1988",01:47:09,23.976,154296,1138,114
MSC_1047,tt0052357,Vertigo,"Cinema, 2012",02:08:24,23.976,184896,1101,94
MSC_1068,tt0120890,Wild Things,"HE, 2023",01:54:52,23.976,165408,1151,113
