imdb,movie,imdb_duration_min,bbfc_cinema,bbfc_home_entertainment,bbfc_other_versions,confidence,notes,ffprobe_duration_min,ffprobe_frames,gt_adjust_frames_start,gt_adjust_frames_end,gt_adjust_notes,matched_version_kind,matched_version_time,matched_version_label,matched_version_frames,diff_seconds_vs_ffprobe,reasoning,final_frames_for_paper,final_duration_for_paper
tt0114746,12 Monkeys,129,129m18s (1996) / 129m23s (2015 re-release),123m52s (1996/1997),,exact,,129.58,186407,+3,+1,,Cinema,129m23s,2015 re-release,186312,-4.0,ffprobe (our downloaded file) = 186407 frames. Best BBFC match: Cinema 129m23s 2015 re-release -> 129*60+23=7763s * 24fps = 186312 frames. Diff vs ffprobe = -95 frames (-4.0s).,186312,129m23s
tt2024544,12 Years a Slave,134,128m33s (2014),,,exact,"Format (cinema vs HE) not explicit in source; classified 22/01/2014, close to UK theatrical release date",134.17,193009,+3,-1,,Cinema,133m55s,2013,192840,-7.0,ffprobe (our downloaded file) = 193009 frames. Best BBFC-adjacent match: Cinema 133m55s (2013) -> 192840 frames. Diff vs ffprobe = -169 frames (-7.0s).,192840,133m55s
tt0078788,Apocalypse Now,147,"147m16s (2011 re-release) / 202m13s (Redux, 2001)","194m17s (Redux, 2002) / 194m6s (Redux, 2002) / 202m23s (Redux, 2019 Final Cut)",,exact,"Original search only found the theatrical-cut entry (147m16s) and used an unverified web figure (202m0s) for Redux HE, since the Redux BBFC page wasn't located. Re-verified 2026-09-28: found the correct BBFC page for Apocalypse Now Redux (separate entry from the theatrical cut) at https://www.bbfc.co.uk/release/apocalypse-now-redux-q29sbgvjdglvbjpwwc0xmdiyotu2, listing Cinema 202m13s (2001) and Home Entertainment 194m17s/194m6s (2002, Buena Vista) and 202m23s (2019 Final Cut).",196.17,282196,+2,0,,Home Entertainment,194m17s,"Redux, 2002",279768,-101.2,"ffprobe (our downloaded file) = 282196 frames. Best BBFC match: Home Entertainment 194m17s (Redux, 2002, classified 12/02/2002, Buena Vista Home Entertainment) -> 194*60+17=11657s * 24fps = 279768 frames. Diff vs ffprobe = -2428 frames (-101.2s).",279768,194m17s
tt0103776,Batman Returns,126,126m18s (2019 re-release),,,exact,No home entertainment entry found in search,126.48,181952,+5,+7,,Cinema,126m18s,2019 re-release,181872,-3.3,ffprobe (our downloaded file) = 181952 frames. Best BBFC match: Cinema 126m18s 2019 re-release -> 126*60+18=7578s * 24fps = 181872 frames. Diff vs ffprobe = -80 frames (-3.3s).,181872,126m18s
tt0082089,Body Heat,113,113m2s (1981) / 113m2s (1992 re-release),108m21s (1986) / 108m28s (1998),,exact,Confirmed via direct BBFC fetch. GT-implied duration (198804 frames / 24fps) = 138m3.50s -- does NOT match any listed BBFC version (108-113min range); ~25min longer than the longest version found. No match identified.,113.21,162862,+2,+2,,Cinema,113m2s,1981,162768,-3.9,ffprobe (our downloaded file) = 162862 frames. Best BBFC match: Cinema 113m2s 1981 -> 113*60+2=6782s * 24fps = 162768 frames. Diff vs ffprobe = -94 frames (-3.9s).,162768,113m2s
tt0112573,Braveheart,178,177m33s (1995),170m25s (2010),,exact,Real 7min+ gap between cinema and HE -- exactly the kind of discrepancy the advisor flagged,177.72,255658,+4,0,,Cinema,177m33s,1995,255672,0.6,ffprobe (our downloaded file) = 255658 frames. Best BBFC match: Cinema 177m33s 1995 -> 177*60+33=10653s * 24fps = 255672 frames. Diff vs ffprobe = +14 frames (0.6s).,255672,177m33s
tt0115759,Broken Arrow,108,108m10s (1996),103m50s (1996) / 103m50s (1997),,exact,Confirmed via direct BBFC fetch. GT-implied duration (176561 frames / 24fps) = 122m36.71s -- does NOT match any listed BBFC version (103-108min range); ~14-19min longer than any version found. No match identified.,108.36,155876,+3,-2,,Cinema,108m10s,1996,155760,-4.8,ffprobe (our downloaded file) = 155876 frames. Best BBFC match: Cinema 108m10s 1996 -> 108*60+10=6490s * 24fps = 155760 frames. Diff vs ffprobe = -116 frames (-4.8s).,155760,108m10s
tt0088944,Commando,90,89m52s (1985),86m28s (2007) / 85m30s (2001) / 86m29s (2015),,exact,Confirmed via direct BBFC fetch. GT-implied (180m48.2s) is ~2x the longest BBFC version -- no match.,90.27,129850,+4,0,,Cinema,89m52s,1985,129408,-18.4,ffprobe (our downloaded file) = 129850 frames. Best BBFC match: Cinema 89m52s 1985 -> 89*60+52=5392s * 24fps = 129408 frames. Diff vs ffprobe = -442 frames (-18.4s).,129408,89m52s
tt0479884,Crank,88,87m51s (2006),84m23s (2007),,exact,"Revisited 2026-09-30: reverted to the BBFC-classified Cinema 2006 match for the reported Frames/Duration/Version (consistency with the rest of the table -- all values sourced from an actual BBFC classification record). The Director's Cut explanation stays as a footnote in the paper table, not as the reported figures: IMDb's alternate-versions page lists a Director's Cut 6 minutes longer than the 87m51s theatrical cut (~93m51s), which is closer to our ffprobe (94.18min), but it was never BBFC-classified in the UK, so it is not used as the primary value.",94.18,135480,+3,+2,,Cinema,87m51s,2006,126504,-374.0,ffprobe (our downloaded file) = 135480 frames. Best BBFC match: Cinema 87m51s 2006 -> 87*60+51=5271s * 24fps = 126504 frames. Diff vs ffprobe = -8976 frames (-374.0s). Likely explanation: an Unrated/Director's Cut (~93-94min per IMDb) never classified by the BBFC -- noted as a footnote in the paper table, not used as the reported value.,126504,87m51s
tt0190332,"Crouching Tiger, Hidden Dragon",120,119m59s (2000),,"115m1s (2001, physical media)",exact,,120.20,172921,-307,+1,,Cinema,119m59s,2000,172776,-6.0,ffprobe (our downloaded file) = 172921 frames. Best BBFC match: Cinema 119m59s 2000 -> 119*60+59=7199s * 24fps = 172776 frames. Diff vs ffprobe = -145 frames (-6.0s).,172776,119m59s
tt0123755,Cube,90,90m18s (1998),86m35s (2012),,exact,,90.56,130276,+2,0,,Cinema,90m18s,1998,130032,-10.2,ffprobe (our downloaded file) = 130276 frames. Best BBFC match: Cinema 90m18s 1998 -> 90*60+18=5418s * 24fps = 130032 frames. Diff vs ffprobe = -244 frames (-10.2s).,130032,90m18s
tt0116282,Fargo,98,97m46s (1996),93m49s (1996) / 93m48s (1999) / 94m3s (2003),,exact,"Multiple HE releases over the years, all close to each other",98.19,141256,-116,+44,,Cinema,97m46s,1996,140784,-19.7,ffprobe (our downloaded file) = 141256 frames. Best BBFC match: Cinema 97m46s 1996 -> 97*60+46=5866s * 24fps = 140784 frames. Diff vs ffprobe = -472 frames (-19.7s).,140784,97m46s
tt0137523,Fight Club,139,138m55s (1999) / 139m0s (2014/2024) / 138m59s (2026),133m17-22s (multiple 2000-2026 releases),,exact,Confirmed via direct BBFC fetch. GT-implied (175m54.8s) doesn't match any version -- ~37min longer than cinema.,139.14,200161,+2,+2,,Cinema,139m0s,2014/2024,200160,-0.0,ffprobe (our downloaded file) = 200161 frames. Best BBFC match: Cinema 139m0s 2014/2024 -> 139*60+0=8340s * 24fps = 200160 frames. Diff vs ffprobe = -1 frames (-0.0s).,200160,139m0s
tt0217505,Gangs of New York,167,166m59s (2023 re-release),,,exact,,166.58,239640,+3,+3,,Cinema,166m59s,2023 re-release,240456,34.0,ffprobe (our downloaded file) = 239640 frames. Best BBFC match: Cinema 166m59s 2023 re-release -> 166*60+59=10019s * 24fps = 240456 frames. Diff vs ffprobe = +816 frames (34.0s).,240456,166m59s
tt1205489,Gran Torino,116,116m24s (2008),240m25s (2009),,uncertain,"Re-confirmed via direct BBFC fetch: page genuinely lists 240m25s for the 2009 HE release (not a misread), but this is implausible for this film (2x the cinema runtime) -- likely a BBFC data-entry issue or a multi-title/bonus-disc submission; needs manual check on the live page. GT-implied duration (196510 frames / 24fps) = 136m27.92s -- matches neither cinema nor the suspicious HE figure.",116.68,167707,+4,+140,,Cinema,116m24s,2008,167616,-3.8,ffprobe (our downloaded file) = 167707 frames. Best BBFC match: Cinema 116m24s 2008 -> 116*60+24=6984s * 24fps = 167616 frames. Diff vs ffprobe = -91 frames (-3.8s).,167616,116m24s
tt1001508,He's Just Not That Into You,124,129m9s (2009),123m58s (2009),,exact,Confirmed via direct BBFC fetch. GT-implied (150m8.6s) ~21min longer than cinema -- no match.,129.36,186092,+4,+2,,Cinema,129m9s,2009,185976,-4.8,ffprobe (our downloaded file) = 186092 frames. Best BBFC match: Cinema 129m9s 2009 -> 129*60+9=7749s * 24fps = 185976 frames. Diff vs ffprobe = -116 frames (-4.8s).,185976,129m9s
tt0113277,Heat,163,170m41s (1996),163m25s (1996) / 163m26s (1996),170m26s (2016 bonus/commentary reissue),exact,"Confirmed via direct BBFC fetch (supersedes earlier partial figure). GT-implied (274m3.8s) is ~100min longer than any version -- no match, large gap.",170.46,245215,-1,+4,,Other,170m26s,2016 bonus/commentary reissue,245424,8.7,ffprobe (our downloaded file) = 245215 frames. Best BBFC match: Other 170m26s 2016 bonus/commentary reissue -> 170*60+26=10226s * 24fps = 245424 frames. Diff vs ffprobe = +209 frames (8.7s).,245424,170m26s
tt1375666,Inception,148,149m5s (IMAX 2010) / 147m57s (2D 2010),141m59s (2010),,exact,"Three versions -- IMAX, 2D cinema, and HE -- with meaningfully different runtimes",148.13,213100,+2,+2,,Cinema,147m57s,2D 2010,213048,-2.2,ffprobe (our downloaded file) = 213100 frames. Best BBFC match: Cinema 147m57s 2D 2010 -> 147*60+57=8877s * 24fps = 213048 frames. Diff vs ffprobe = -52 frames (-2.2s).,213048,147m57s
tt0361748,Inglourious Basterds,153,152m39s (2009),"146m32s (2010, international cut) / 152m37s (2010, theatrical cut)",,exact,Confirmed via direct BBFC fetch. GT-implied (166m2.3s) ~13min longer than cinema -- no exact match but closer than most.,152.99,220090,+3,+177,,Cinema,152m39s,2009,219816,-11.4,ffprobe (our downloaded file) = 220090 frames. Best BBFC match: Cinema 152m39s 2009 -> 152*60+39=9159s * 24fps = 219816 frames. Diff vs ffprobe = -274 frames (-11.4s).,219816,152m39s
tt0073195,Jaws,124,"124m0s (1975) / 124m3s (2012) / 123m56s (2022, 3D)",118m33-49s (1987/1993/2000),,exact,Confirmed via direct BBFC fetch. GT-implied (215m21.6s) is ~91-97min longer than any version (~1.75x) -- no match.,123.91,178255,+2,-154,,Cinema,123m56s,"2022, 3D",178464,8.7,"ffprobe (our downloaded file) = 178255 frames. Best BBFC match: Cinema 123m56s 2022, 3D -> 123*60+56=7436s * 24fps = 178464 frames. Diff vs ffprobe = +209 frames (8.7s).",178464,123m56s
tt0107290,Jurassic Park,127,126m30s (1993),,,exact,,126.61,182135,-52,+86,,Cinema,126m30s,1993,182160,1.0,ffprobe (our downloaded file) = 182135 frames. Best BBFC match: Cinema 126m30s 1993 -> 126*60+30=7590s * 24fps = 182160 frames. Diff vs ffprobe = +25 frames (1.0s).,182160,126m30s
tt0163025,Jurassic Park III,92,92m29s (2001),88m21s (2002),,exact,,92.34,132839,+5,+1,,Cinema,92m29s,2001,133176,14.0,ffprobe (our downloaded file) = 132839 frames. Best BBFC match: Cinema 92m29s 2001 -> 92*60+29=5549s * 24fps = 133176 frames. Diff vs ffprobe = +337 frames (14.0s).,133176,92m29s
tt0119488,L.A. Confidential,138,137m45s (1997),132m8s (1998; 3 release variants),131m59s (2017 bonus/commentary reissue),exact,"The 132m8s (1998) entry was originally mislabeled as the Cinema release; direct BBFC fetch confirms it is Home Entertainment. The genuine Cinema release is 137m45s (1997), classified 27/08/1997. Advisor manually verified the video content matches the 1997 cinema cut.",133.47,192002,+1,-6354,,Cinema,137m45s,1997,198360,264.9,ffprobe (our downloaded file) = 192002 frames. Best BBFC match: Cinema 137m45s 1997 -> 137*60+45=8265s * 24fps = 198360 frames. Diff vs ffprobe = +6358 frames (+264.9s); larger than the 1998 Home Entertainment entry would give, but advisor confirmed via manual content verification that the video corresponds to the 1997 cinema cut.,198360,137m45s
tt1707386,Les Misérables,158,"157m49s (2012/2013, 2D and IMAX same runtime)",151m18s (2013),,exact,"Confirmed via direct BBFC fetch (correct 2012 Tom Hooper film, new URL). GT frames=242752 -> GT-implied duration=168m34.7s. Cinema 157m49s -> implies 227256 frames (diff -15496 frames / -10.8min vs GT). Home Ent. 151m18s -> implies 217872 frames (diff -24880 frames / -17.3min vs GT). No exact match.",157.91,227158,+4,-4,,Cinema,157m49s,"2012/2013, 2D and IMAX same runtime",227256,4.1,"ffprobe (our downloaded file) = 227158 frames. Best BBFC match: Cinema 157m49s 2012/2013, 2D and IMAX same runtime -> 157*60+49=9469s * 24fps = 227256 frames. Diff vs ffprobe = +98 frames (4.1s).",227256,157m49s
tt0443272,Lincoln,150,150m29s (13/12/2012) / 150m16s (28/11/2012),144m25s (2013),,exact,Confirmed via direct BBFC fetch (new URL). GT frames=225226 -> GT-implied duration=156m24.4s. Cinema 150m29s -> implies 216696 frames (diff -8530 / -5.9min vs GT); 150m16s -> 216384 frames (diff -8842 / -6.1min). Home Ent. 144m25s -> implies 207960 frames (diff -17266 / -12.0min). Closest so far but no exact match.,149.95,215713,+3,+3,,Cinema,150m16s,28/11/2012,216384,28.0,ffprobe (our downloaded file) = 215713 frames. Best BBFC match: Cinema 150m16s 28/11/2012 -> 150*60+16=9016s * 24fps = 216384 frames. Diff vs ffprobe = +671 frames (28.0s).,216384,150m16s
tt0822832,Marley & Me,115,115m23s (2008),110m47s (2009),"Extended version 115m34s (2009, bonus)",exact,"Confirmed via direct BBFC fetch. GT-implied (129m23.8s) ~14min longer than cinema, ~14min longer than extended cut too -- no match.",115.57,166247,+3,-1,,Cinema,115m23s,2008,166152,-4.0,ffprobe (our downloaded file) = 166247 frames. Best BBFC match: Cinema 115m23s 2008 -> 115*60+23=6923s * 24fps = 166152 frames. Diff vs ffprobe = -95 frames (-4.0s).,166152,115m23s
tt0117060,Mission: Impossible,110,110m25s (1996) / 110m5s (2015 reissue),105m37s (1996/1998/2000),,exact,"Confirmed via direct BBFC fetch. GT-implied (117m59.4s) only ~8min longer than cinema -- closest match found so far, still not exact.",110.21,158543,+4,0,,Cinema,110m5s,2015 reissue,158520,-1.0,ffprobe (our downloaded file) = 158543 frames. Best BBFC match: Cinema 110m5s 2015 reissue -> 110*60+5=6605s * 24fps = 158520 frames. Diff vs ffprobe = -23 frames (-1.0s).,158520,110m5s
tt0780571,Mr. Brooks,120,120m29s (2007),115m39s (2007),,exact,Confirmed via direct BBFC fetch (new URL). GT frames=196643 -> GT-implied duration=136m33.5s. Cinema 120m29s -> implies 173496 frames (diff -23147 / -16.1min vs GT). Home Ent. 115m39s -> implies 166536 frames (diff -30107 / -20.9min). No match.,120.72,173661,+4,+3,,Cinema,120m29s,2007,173496,-6.9,ffprobe (our downloaded file) = 173661 frames. Best BBFC match: Cinema 120m29s 2007 -> 120*60+29=7229s * 24fps = 173496 frames. Diff vs ffprobe = -165 frames (-6.9s).,173496,120m29s
tt0110604,Mute Witness,95,96m30s (1995),92m26s (1996) / 92m27s (2003),,exact,,96.48,138794,+325,-146,,Cinema,96m30s,1995,138960,6.9,ffprobe (our downloaded file) = 138794 frames. Best BBFC match: Cinema 96m30s 1995 -> 96*60+30=5790s * 24fps = 138960 frames. Diff vs ffprobe = +166 frames (6.9s).,138960,96m30s
tt0063442,Planet of the Apes,112,111m53s (1968),,,exact,,112.05,161190,+2,+2,,Cinema,111m53s,1968,161112,-3.2,ffprobe (our downloaded file) = 161190 frames. Best BBFC match: Cinema 111m53s 1968 -> 111*60+53=6713s * 24fps = 161112 frames. Diff vs ffprobe = -78 frames (-3.2s).,161112,111m53s
tt0100405,Pretty Woman,119,119m29s (1990),114m48s (2004),,exact,First search attempt misread one entry as 2m17s (formatting artifact) -- corrected figures shown here,119.62,172077,+3,0,,Cinema,119m29s,1990,172056,-0.9,ffprobe (our downloaded file) = 172077 frames. Best BBFC match: Cinema 119m29s 1990 -> 119*60+29=7169s * 24fps = 172056 frames. Diff vs ffprobe = -21 frames (-0.9s).,172056,119m29s
tt0178868,Ring,96,"95m20s (2000) / 95m30s (2019, subtitled reissue)",91m19s (2001),,exact,"Confirmed via direct BBFC fetch (Japanese Ringu, matches our title). GT-implied (136m10.5s) ~41-45min longer than any version -- no match.",95.31,137115,+2,+3,,Cinema,95m20s,2000,137280,6.9,ffprobe (our downloaded file) = 137115 frames. Best BBFC match: Cinema 95m20s 2000 -> 95*60+20=5720s * 24fps = 137280 frames. Diff vs ffprobe = +165 frames (6.9s).,137280,95m20s
tt0379786,Serenity,119,119m15s (2005),113m59s (2006),Bonus-disc main feature listed at 118m44s (2008),exact,Confirmed via direct BBFC fetch. GT-implied (213m39.8s) ~94-99min longer than any version (~1.8x) -- no match.,114.00,164002,+2,-7240,,Home Entertainment,113m59s,2006,164136,5.6,ffprobe (our downloaded file) = 164002 frames. Best BBFC match: Home Entertainment 113m59s 2006 -> 113*60+59=6839s * 24fps = 164136 frames. Diff vs ffprobe = +134 frames (5.6s).,164136,113m59s
tt0945513,Source Code,93,93m13s (2011),89m20s (2011),,exact,Confirmed via direct BBFC fetch (previous URL was a dead link; found a working one). GT-implied duration (237438 frames / 24fps) = 164m53.25s -- far exceeds any listed BBFC version (89-93min); ~71min longer than cinema cut. No plausible match.,93.21,134087,+3,+2,,Cinema,93m13s,2011,134232,6.0,ffprobe (our downloaded file) = 134087 frames. Best BBFC match: Cinema 93m13s 2011 -> 93*60+13=5593s * 24fps = 134232 frames. Diff vs ffprobe = +145 frames (6.0s).,134232,93m13s
tt1412386,The Best Exotic Marigold Hotel,124,123m34s (2012),,,exact,,123.76,178033,+3,+1,,Cinema,123m34s,2012,177936,-4.0,ffprobe (our downloaded file) = 178033 frames. Best BBFC match: Cinema 123m34s 2012 -> 123*60+34=7414s * 24fps = 177936 frames. Diff vs ffprobe = -97 frames (-4.0s).,177936,123m34s
tt0118715,The Big Lebowski,117,116m53s (1998),112m6s (1998) / 112m7s (1999),,exact,"Confirmed via direct BBFC fetch. GT-implied (123m35.9s) only ~7min longer than cinema -- close, still not exact.",116.93,168204,+4,-4,,Cinema,116m53s,1998,168312,4.5,ffprobe (our downloaded file) = 168204 frames. Best BBFC match: Cinema 116m53s 1998 -> 116*60+53=7013s * 24fps = 168312 frames. Diff vs ffprobe = +108 frames (4.5s).,168312,116m53s
tt0103855,The Bodyguard,129,129m8s (1992) / 144m25s (2022 re-release),123m49-54s (1992/1993/1995),,exact,"Confirmed via direct BBFC fetch. GT-implied (150m12.7s) ~6min longer than the 2022 re-release cinema figure (144m25s) -- closest match found in the whole set so far, still not exact to the second.",129.36,186061,+5,+25,,Cinema,129m8s,1992,185952,-4.5,ffprobe (our downloaded file) = 186061 frames. Best BBFC match: Cinema 129m8s 1992 -> 129*60+8=7748s * 24fps = 185952 frames. Diff vs ffprobe = -109 frames (-4.5s).,185952,129m8s
tt1038919,The Bounty Hunter,110,110m28s (2010),106m3s (2010),,exact,Confirmed via direct BBFC fetch (new URL). GT frames=180684 -> GT-implied duration=125m28.5s. Cinema 110m28s -> implies 159072 frames (diff -21612 / -15.0min vs GT). Home Ent. 106m3s -> implies 152712 frames (diff -27972 / -19.4min). No match.,110.65,159169,+3,-1,,Cinema,110m28s,2010,159072,-4.0,ffprobe (our downloaded file) = 159169 frames. Best BBFC match: Cinema 110m28s 2010 -> 110*60+28=6628s * 24fps = 159072 frames. Diff vs ffprobe = -97 frames (-4.0s).,159072,110m28s
tt0440963,The Bourne Ultimatum,115,115m2s (2007),110m26s (2007),,exact,,115.23,165767,+5,-3,,Cinema,115m2s,2007,165648,-5.0,ffprobe (our downloaded file) = 165767 frames. Best BBFC match: Cinema 115m2s 2007 -> 115*60+2=6902s * 24fps = 165648 frames. Diff vs ffprobe = -119 frames (-5.0s).,165648,115m2s
tt0124315,The Cider House Rules,126,125m33s (2000),120m39s (2001) / 120m12s (2000) / 120m11s (2000),,exact,Confirmed via direct BBFC fetch (new URL). GT frames=198174 -> GT-implied duration=137m37.2s. Cinema 125m33s -> implies 180792 frames (diff -17382 / -12.1min vs GT). Home Ent. 120m39s -> implies 173736 frames (diff -24438 / -17.0min); 120m12s -> 173088 frames (-25086 / -17.4min); 120m11s -> 173064 frames (-25110 / -17.4min). No match.,125.41,180414,+2,0,,Cinema,125m33s,2000,180792,15.8,ffprobe (our downloaded file) = 180414 frames. Best BBFC match: Cinema 125m33s 2000 -> 125*60+33=7533s * 24fps = 180792 frames. Diff vs ffprobe = +378 frames (15.8s).,180792,125m33s
tt2582846,The Fault in Our Stars,126,"125m46s (2014) / 153m33s (2014, Q&A/deleted scene)",120m42s,,exact,"Corrected 2026-09-30: the original note ('no separate cinema entry surfaced', matched to Other 133m10s) was wrong -- that 133m10s figure is a bonus-disc director's-commentary runtime, not a real cut, and a direct BBFC fetch found two real Cinema entries (125m46s and 153m33s, Q&A/deleted-scene session) plus a HE entry (120m42s) previously mislabeled as Cinema 125m53s. None matches ffprobe (132.90min) closely; 125m46s is the nearest (428s off) and is used as the reported value, with a footnote noting the gap.",132.90,191184,+4,-555,,Cinema,125m46s,2014,181104,-420.0,"ffprobe (our downloaded file) = 191184 frames. Best BBFC match: Cinema 125m46s 2014 -> 125*60+46=7546s * 24fps = 181104 frames. Diff vs ffprobe = -10080 frames (-420.0s). No BBFC release matches closely; closest legitimate (non-bonus-disc) Cinema entry used, noted as a footnote in the paper table.",181104,125m46s
tt0068646,The Godfather,175,175m0s (1972 w/cuts) / 177m28s (1996) / 175m9s (2009) / 175m0s (2022),167m4s (1987) / 168m1s (1997/2001) / 169m46s (2008 restored) / 175m0s (2022 50th anniv),,exact,Confirmed via direct BBFC fetch. GT-implied (211m48.7s) ~35-45min longer than any version -- no match.,177.15,254842,+3,+2,,Cinema,177m28s,1996,255552,29.6,ffprobe (our downloaded file) = 254842 frames. Best BBFC match: Cinema 177m28s 1996 -> 177*60+28=10648s * 24fps = 255552 frames. Diff vs ffprobe = +710 frames (29.6s).,255552,177m28s
tt0120689,The Green Mile,189,188m41s (2000),180m48s (2006) / 180m50s (2001) / 180m48s (2001) / 180m50s (2000),"Bonus material bundled in some submissions: ""The Green Mile"" 188m37s (2014), ""Walking The Mile"" 97m6s (2014) / 25m28s (2006), ""Acting On The Mile"" 21m2s (2006), ""Stephen King: Storyteller"" 23m54s (2006)",exact,"Confirmed via direct BBFC fetch (earlier '181min' figure was wrong/truncated). GT-implied duration (453523 frames / 24fps) = 314m56.79s -- far exceeds the film itself (188-189min) at any BBFC version; roughly matches cinema + ~2 bonus featurettes combined, which suggests our downloaded file may have extra content merged in, or the GT frame total isn't a clean 1:1 frame index. Worth checking the actual video file's own duration.",188.63,271359,+4,+1,,Other,188m37s,2014,271608,10.4,ffprobe (our downloaded file) = 271359 frames. Best BBFC match: Other 188m37s 2014 -> 188*60+37=11317s * 24fps = 271608 frames. Diff vs ffprobe = +249 frames (10.4s).,271608,188m37s
tt1119646,The Hangover,100,99m36s (2009),,,exact,,107.89,155208,+3,+4,,Home Entertainment,108m0s,"2009, unrated/extended cut (runtime from general web, not confirmed to the second on BBFC)",155520,13.0,"ffprobe (our downloaded file) = 155208 frames. Best BBFC-adjacent match: Home Entertainment 108m0s (2009, unrated/extended cut (runtime from general web, not confirmed to the second on BBFC)) -> 155520 frames. Diff vs ffprobe = +312 frames (+13.0s).",155520,108m0s
tt0399201,The Island,136,135m58s (2005),130m21s (2005),,exact,"Confirmed via direct BBFC fetch (new URL, correct 2005 Michael Bay film). GT frames=307232 -> GT-implied duration=213m21.3s. Cinema 135m58s -> implies 195792 frames (diff -111440 / -77.4min vs GT). Home Ent. 130m21s -> implies 187704 frames (diff -119528 / -83.0min). Very large gap, no match.",136.00,195639,-108,+6,,Cinema,135m58s,2005,195792,6.4,ffprobe (our downloaded file) = 195639 frames. Best BBFC match: Cinema 135m58s 2005 -> 135*60+58=8158s * 24fps = 195792 frames. Diff vs ffprobe = +153 frames (6.4s).,195792,135m58s
tt0253474,The Pianist,150,148m41s (2002),"142m40-56s (2003/2006, multiple releases)",,exact,Confirmed via direct BBFC fetch. GT-implied (226m19.2s) ~78-84min longer than any version -- no match.,149.52,215100,+648,+470,,Cinema,148m41s,2002,214104,-41.5,ffprobe (our downloaded file) = 215100 frames. Best BBFC match: Cinema 148m41s 2002 -> 148*60+41=8921s * 24fps = 214104 frames. Diff vs ffprobe = -996 frames (-41.5s).,214104,148m41s
tt0976051,The Reader,124,123m47s (2008),118m50s (2009),,exact,"Confirmed via direct BBFC fetch (new URL, old one was 410 Gone). GT frames=193640 -> GT-implied duration=134m28.3s. Cinema 123m47s -> implies 178248 frames (diff -15392 / -10.7min vs GT). Home Ent. 118m50s -> implies 171120 frames (diff -22520 / -15.6min). No match.",123.97,178341,+3,+3,,Cinema,123m47s,2008,178248,-3.9,ffprobe (our downloaded file) = 178341 frames. Best BBFC match: Cinema 123m47s 2008 -> 123*60+47=7427s * 24fps = 178248 frames. Diff vs ffprobe = -93 frames (-3.9s).,178248,123m47s
tt0088247,The Terminator,107,107m1s (1984) / 107m10-14s (2001/2015/2024),102m27s (1987) / 102m45s (2000) / 107m15s (2013),,exact,Confirmed via direct BBFC fetch. GT-implied (204m45.9s) ~98-102min longer than any version (~1.9x) -- no match.,107.23,154248,+218,+27,,Cinema,107m1s,1984,154104,-6.0,ffprobe (our downloaded file) = 154248 frames. Best BBFC match: Cinema 107m1s 1984 -> 107*60+1=6421s * 24fps = 154104 frames. Diff vs ffprobe = -144 frames (-6.0s).,154104,107m1s
tt0120382,The Truman Show,103,102m54s (1998),98m39s (2009) / 98m40s (2000) / 98m39s (1999),,exact,,106.02,152514,+2,+10,,Cinema,102m54s,1998,148176,-180.8,ffprobe (our downloaded file) = 152514 frames. Best BBFC match: Cinema 102m54s 1998 -> 102*60+54=6174s * 24fps = 148176 frames. Diff vs ffprobe = -4338 frames (-180.8s).,148176,102m54s
tt0092099,Top Gun,109,"109m27-48s (1986/1989/2011) / 110m53s (2013) / 111m59s (2025, 3D) / 109m19s (2026)",104m56-57s (1987/2000) / 105m1s (1996/2004),"111m4s (2013, 3D physical media)",exact,Confirmed via direct BBFC fetch. GT-implied (154m25.7s) ~42-50min longer than any version -- no match.,109.59,157656,+3,-2,,Cinema,109m19s,2026,157416,-10.0,ffprobe (our downloaded file) = 157656 frames. Best BBFC match: Cinema 109m19s 2026 -> 109*60+19=6559s * 24fps = 157416 frames. Diff vs ffprobe = -240 frames (-10.0s).,157416,109m19s
tt1099212,Twilight,122,121m42s (2008),116m46-47s (2009),"10th Anniversary Special Edition 178m15s (2018, bonus/extended) -- far too long to be a plausible match",exact,"Confirmed via direct BBFC fetch. GT-implied (128m20.5s) only ~7min longer than cinema -- close, still not exact.",121.84,175270,+4,0,,Cinema,121m42s,2008,175248,-0.9,ffprobe (our downloaded file) = 175270 frames. Best BBFC match: Cinema 121m42s 2008 -> 121*60+42=7302s * 24fps = 175248 frames. Diff vs ffprobe = -22 frames (-0.9s).,175248,121m42s
tt0096320,Twins,107,107m9s (1988),102m17s (1989),,exact,"Confirmed via direct BBFC fetch (new URL). GT frames=207329 -> GT-implied duration=143m58.7s. Cinema 107m9s -> implies 154296 frames (diff -53033 / -36.8min vs GT). Home Ent. 102m17s -> implies 147288 frames (diff -60041 / -41.7min). Large gap, no match.",106.85,153686,+2,+29,,Cinema,107m9s,1988,154296,25.4,ffprobe (our downloaded file) = 153686 frames. Best BBFC match: Cinema 107m9s 1988 -> 107*60+9=6429s * 24fps = 154296 frames. Diff vs ffprobe = +610 frames (25.4s).,154296,107m9s
tt0052357,Vertigo,128,131m48s (1958) / 128m24s (2012 restoration),122m27s (1988) / 124m12s (2000),,exact,"Confirmed via direct BBFC fetch. GT-implied (143m56.1s) ~12min longer than the original 1958 cinema cut -- fairly close, still not exact.",128.46,184795,+2,+2,,Cinema,128m24s,2012 restoration,184896,4.2,ffprobe (our downloaded file) = 184795 frames. Best BBFC match: Cinema 128m24s 2012 restoration -> 128*60+24=7704s * 24fps = 184896 frames. Diff vs ffprobe = +101 frames (4.2s).,184896,128m24s
tt0120890,Wild Things,108,107m50s (1998),"103m22s (1998/1999) / 114m52s (2023, extended/unrated)",,exact,Confirmed via direct BBFC fetch. GT-implied (136m44.1s) ~22-33min longer than any version -- no match.,114.78,165090,+3,-1,,Home Entertainment,114m52s,"2023, extended/unrated",165408,13.2,"ffprobe (our downloaded file) = 165090 frames. Best BBFC match: Home Entertainment 114m52s 2023, extended/unrated -> 114*60+52=6892s * 24fps = 165408 frames. Diff vs ffprobe = +318 frames (13.2s).",165408,114m52s
