video_id,movie,excluded_from_msc,file,ffprobe_r_frame_rate,ffprobe_avg_frame_rate,ffprobe_nb_frames_tag,ffprobe_duration_seconds,ffprobe_frames_from_duration_x_fps,gt_frames_shots_csv,diff_nb_frames_tag_vs_gt,diff_frames_from_duration_vs_gt,imdb_runtime_minutes,ffprobe_duration_minutes,diff_duration_min_vs_imdb
1029,12 Monkeys,False,msc_1029.mp4,23.976023976023978,23.976023976023978,186407.0,7774.890667,186411,230761,-44354.0,-44350,129,129.58,0.58
5,12 Years a Slave,False,msc_0005.mp4,23.976023976023978,23.976023976023978,193009.0,8050.167125,193011,207995,-14986.0,-14984,134,134.17,0.17
32,A Walk to Remember,True,msc_0032.mkv,29.97002997002997,29.97002997002997,,6126.954,183625,161398,,22227,101,102.12,1.12
72,Apocalypse Now,False,msc_0072.mp4,23.97610062893082,23.97610062893082,282196.0,11769.917,282197,337614,-55418.0,-55417,147,196.17,49.17
100,Batman Returns,False,msc_0100.mp4,23.976023976023978,23.976023976023978,181952.0,7589.039792,181955,349347,-167395.0,-167392,126,126.48,0.48
110,Big Fish,True,msc_0110.mkv,23.976023976023978,23.976023976023978,,7509.291,180043,325204,,-145161,125,125.15,0.15
123,Body Heat,False,msc_0123.mp4,23.97598627787307,23.97598627787307,162862.0,6792.8,162864,198804,-35942.0,-35940,113,113.21,0.21
131,Braveheart,False,msc_0131.mp4,23.976023976023978,23.976023976023978,255658.0,10663.299773,255664,269613,-13955.0,-13949,178,177.72,-0.28
137,Broken Arrow,False,msc_0137.mp4,23.976023976023978,23.976023976023978,155876.0,6501.411584,155878,176561,-20685.0,-20683,108,108.36,0.36
178,Commando,False,msc_0178.mp4,23.976023976023978,23.976023976023978,129850.0,5415.952208,129853,260356,-130506.0,-130503,90,90.27,0.27
186,Crank,False,msc_0186.mp4,23.976023976023978,23.976023976023978,135480.0,5650.752,135483,205294,-69814.0,-69811,88,94.18,6.18
1073,"Crouching Tiger, Hidden Dragon",False,msc_1073.mp4,23.976023976023978,23.976023976023978,172921.0,7212.256,172921,309090,-136169.0,-136169,120,120.2,0.2
192,Cube,False,msc_0192.mp4,23.976023976023978,23.976023976023978,130276.0,5433.6,130276,167387,-37111.0,-37111,90,90.56,0.56
212,Die Hard 2,True,msc_0212.mp4,23.976023976023978,23.976023976023978,177456.0,7401.485,177458,297527,-120071.0,-120069,124,123.36,-0.64
268,Fargo,False,msc_0268.mkv,23.976023976023978,23.976023976023978,,5891.552,141256,199852,,-58596,98,98.19,0.19
274,Fight Club,False,msc_0274.mp4,23.976042590949422,23.976042590949422,200161.0,8348.375227,200161,253314,-53153.0,-53153,139,139.14,0.14
307,Gangs of New York,False,msc_0307.mp4,23.976023976023978,23.976023976023978,239640.0,9995.093333,239643,254282,-14642.0,-14639,167,166.58,-0.42
322,Gladiator,True,msc_0322.mp4,23.976023976023978,23.976023976023978,245919.0,10256.981333,245922,367985,-122066.0,-122063,155,170.95,15.95
328,Gran Torino,False,msc_0328.mp4,23.976023976023978,23.976023976023978,167707.0,7000.704,167849,196510,-28803.0,-28661,116,116.68,0.68
348,He's Just Not That Into You,False,msc_0348.mp4,23.976023976023978,23.976023976023978,186092.0,7761.712292,186095,216207,-30115.0,-30112,129,129.36,0.36
349,Heat,False,msc_0349.mkv,23.976023976023978,23.976023976023978,,10227.499,245215,394650,,-149435,170,170.46,0.46
386,Inception,False,msc_0386.mkv,23.97598627787307,23.97598627787307,,8888.064,213100,390449,,-177349,148,148.13,0.13
393,Inglourious Basterds,False,msc_0393.mp4,23.976023976023978,23.976023976023978,220090.0,9179.6705,220092,239096,-19006.0,-19004,153,152.99,-0.01
414,Jaws,False,msc_0414.mp4,23.976023976023978,23.976023976023978,178255.0,7434.718333,178255,310118,-131863.0,-131863,124,123.91,-0.09
429,Jurassic Park,False,msc_0429.mp4,23.976023976023978,23.976023976023978,182135.0,7596.672417,182138,242401,-60266.0,-60263,127,126.61,-0.39
430,Jurassic Park III,False,msc_0430.mp4,23.976023976023978,23.976023976023978,132839.0,5540.650667,132843,232817,-99978.0,-99974,92,92.34,0.34
453,L.A. Confidential,False,msc_0453.mkv,23.97598627787307,23.97598627787307,,8008.107,192002,352283,,-160281,138,133.47,-4.53
468,Les Misérables,False,msc_0468.mp4,23.976023976023978,23.976023976023978,227158.0,9474.506708,227161,242752,-15594.0,-15591,158,157.91,-0.09
478,Lincoln,False,msc_0478.mp4,23.976023976023978,23.976023976023978,215713.0,8997.113125,215715,225226,-9513.0,-9511,150,149.95,-0.05
487,Lost Highway,True,msc_0487.mp4,24.0,23.999998011938885,193153.0,8048.362667,193161,236784,-43631.0,-43623,134,134.14,0.14
508,Marley & Me,False,msc_0508.mp4,23.976023976023978,23.976023976023978,166247.0,6933.994667,166250,186331,-20084.0,-20081,115,115.57,0.57
538,Mission: Impossible,False,msc_0538.mp4,23.976023976023978,23.976023976023978,158543.0,6612.736,158547,169905,-11362.0,-11358,110,110.21,0.21
552,Mr. Brooks,False,msc_0552.mp4,23.976023976023978,23.976023976023978,173661.0,7243.264,173665,196643,-22982.0,-22978,120,120.72,0.72
560,Mute Witness,False,msc_0560.mkv,23.976023976023978,23.976023976023978,,5788.867,138794,298120,,-159326,95,96.48,1.48
629,Planet of the Apes,False,msc_0629.mp4,23.976023976023978,23.976023976023978,161190.0,6722.96625,161190,188109,-26919.0,-26919,112,112.05,0.05
640,Pretty Woman,False,msc_0640.mp4,23.976023976023978,23.976023976023978,172077.0,7177.128292,172079,191131,-19054.0,-19052,119,119.62,0.62
677,Ring,False,msc_0677.mkv,23.976023976023978,23.976023976023978,,5718.831,137115,196092,,-58977,96,95.31,-0.69
707,Serenity,False,msc_0707.mkv,23.97598627787307,23.97598627787307,,6840.278,164002,307676,,-143674,119,114.0,-5.0
734,Source Code,False,msc_0734.mp4,23.976023976023978,23.97600002760815,134087.0,5592.746667,134092,237438,-103351.0,-103346,93,93.21,0.21
753,Star Wars: Episode VI - Return of the Jedi,True,msc_0753.mp4,23.976023976023978,23.976023976023978,198682.0,8300.8,199020,324537,-125855.0,-125517,131,138.35,7.35
754,Star Wars: Episode VII - The Force Awakens,True,msc_0754.mp4,23.976023976023978,23.97602402543465,193902.0,8087.381,193903,332602,-138700.0,-138699,138,134.79,-3.21
778,Taxi Driver,True,msc_0778.mp4,23.976023976023978,23.976023976023978,163704.0,6827.829,163704,225414,-61710.0,-61710,114,113.8,-0.2
799,The Best Exotic Marigold Hotel,False,msc_0799.mp4,23.976023976023978,23.976023976023978,178033.0,7425.578957,178036,193961,-15928.0,-15925,124,123.76,-0.24
800,The Big Lebowski,False,msc_0800.mp4,23.976023976023978,23.976023976023978,168204.0,7015.633625,168207,177981,-9777.0,-9774,117,116.93,-0.07
809,The Bodyguard,False,msc_0809.mp4,23.976023976023978,23.976023976023978,186061.0,7761.502041,186090,216304,-30243.0,-30214,129,129.36,0.36
813,The Bounty Hunter,False,msc_0813.mp4,23.976023976023978,23.976023976023978,159169.0,6638.757125,159171,180684,-21515.0,-21513,110,110.65,0.65
817,The Bourne Ultimatum,False,msc_0817.mp4,23.976023976023978,23.976023976023978,165767.0,6913.990417,165770,451878,-286111.0,-286108,115,115.23,0.23
829,The Cider House Rules,False,msc_0829.mp4,23.976023976023978,23.976023976023978,180414.0,7524.779,180414,198174,-17760.0,-17760,126,125.41,-0.59
854,The Fault in Our Stars,False,msc_0854.mp4,23.976023976023978,23.976023976023978,191184.0,7974.049417,191186,342780,-151596.0,-151594,126,132.9,6.9
864,The Godfather,False,msc_0864.mp4,23.976023976023978,23.976023976023978,254842.0,10629.1185,254844,305009,-50167.0,-50165,175,177.15,2.15
872,The Green Mile,False,msc_0872.mp4,23.976023976023978,23.976023976023978,271359.0,11318.037333,271362,453523,-182164.0,-182161,189,188.63,-0.37
874,The Hangover,False,msc_0874.mp4,23.976023976023978,23.976023976023978,155208.0,6473.685333,155213,165070,-9862.0,-9857,100,107.89,7.89
897,The Island,False,msc_0897.mp4,23.976023976023978,23.976023976023978,195639.0,8159.936,195643,307232,-111593.0,-111589,136,136.0,-0.0
936,The Pianist,False,msc_0936.mp4,23.976023976023978,23.976023976023978,215100.0,8971.4625,215100,325902,-110802.0,-110802,150,149.52,-0.48
948,The Reader,False,msc_0948.mp4,23.976023976023978,23.976023976023978,178341.0,7438.4,178343,193640,-15299.0,-15297,124,123.97,-0.03
974,The Terminator,False,msc_0974.mp4,23.976023976023978,23.976023976023978,154248.0,6433.664,154254,294862,-140614.0,-140608,107,107.23,0.23
980,The Truman Show,False,msc_0980.mkv,23.976023976023978,23.976023976023978,,6361.111,152514,253509,,-100995,103,106.02,3.02
1012,Top Gun,False,msc_1012.mp4,23.976023976023978,23.976023976023978,157656.0,6575.652417,157658,222376,-64720.0,-64718,109,109.59,0.59
1026,True Romance,True,msc_1026.mp4,23.976023976023978,23.976023976023978,174111.0,7261.901497,174112,304852,-130741.0,-130740,119,121.03,2.03
1030,Twilight,False,msc_1030.mp4,23.976023976023978,23.976023976023978,175270.0,7310.421333,175275,184812,-9542.0,-9537,122,121.84,-0.16
1032,Twins,False,msc_1032.mp4,23.976023976023978,23.976023976023978,153686.0,6411.168,153714,207329,-53643.0,-53615,107,106.85,-0.15
1047,Vertigo,False,msc_1047.mp4,23.976023976023978,23.976023976023978,184795.0,7707.626667,184798,207266,-22471.0,-22468,128,128.46,0.46
1058,Watchmen,True,msc_1058.mp4,23.976023976023978,23.976023976023978,268251.0,11188.522667,268256,500183,-231932.0,-231927,162,186.48,24.48
1068,Wild Things,False,msc_1068.mp4,23.976023976023978,23.976023976023978,165090.0,6886.954667,165122,196899,-31809.0,-31777,108,114.78,6.78
