imdb,movie,scenes,shots,frames,duration,bbfc_version,note
tt0114746,12 Monkeys,145,1302,186312,02:09:23,"Cinema, 2015",
tt2024544,12 Years a Slave,117,728,192840,02:13:55,"Cinema, 2013",
tt0078788,Apocalypse Now,106,1589,279768,03:14:17,"Redux, HE, 2002",
tt0103776,Batman Returns,109,1779,181872,02:06:18,"Cinema, 2019",
tt0082089,Body Heat,93,607,162768,01:53:02,"Cinema, 1981",
tt0112573,Braveheart,159,3096,255672,02:57:33,"Cinema, 1995",
tt0115759,Broken Arrow,205,2034,155760,01:48:10,"Cinema, 1996",
tt0088944,Commando,50,1843,129408,01:29:52,"Cinema, 1985",
tt0479884,Crank,173,1828,135144,01:33:51,Director's Cut,
tt0190332,"Crouching Tiger, Hidden Dragon",110,1646,172776,01:59:59,"Cinema, 2000",
tt0123755,Cube,33,1063,130032,01:30:18,"Cinema, 1998",
tt0116282,Fargo,70,760,140784,01:37:46,"Cinema, 1996",
tt0137523,Fight Club,216,2357,200160,02:19:00,"Cinema, 2014",
tt0217505,Gangs of New York,106,1805,240456,02:46:59,"Cinema, 2023",
tt1205489,Gran Torino,131,1381,167616,01:56:24,"Cinema, 2008",
tt1001508,He's Just Not That Into You,102,1195,185976,02:09:09,"Cinema, 2009",
tt0113277,Heat,193,2000,245424,02:50:26,"Other, 2016",
tt1375666,Inception,264,2610,213048,02:27:57,"Cinema, 2010",
tt0361748,Inglourious Basterds,53,1448,219816,02:32:39,"Cinema, 2009",
tt0073195,Jaws,101,1244,178464,02:03:56,"Cinema, 2022",
tt0107290,Jurassic Park,157,1328,182160,02:06:30,"Cinema, 1993",
tt0163025,Jurassic Park III,73,1471,133176,01:32:29,"Cinema, 2001",
tt0119488,L.A. Confidential,62,1780,198360,02:17:45,"Cinema, 1997",
tt1707386,Les Misérables,228,2549,227256,02:37:49,"Cinema, 2012",
tt0443272,Lincoln,91,919,216384,02:30:16,"Cinema, 2012",
tt0822832,Marley & Me,159,1550,166152,01:55:23,"Cinema, 2008",
tt0117060,Mission: Impossible,266,1537,158520,01:50:05,"Cinema, 2015",
tt0780571,Mr. Brooks,89,1365,173496,02:00:29,"Cinema, 2007",
tt0110604,Mute Witness,112,1784,138960,01:36:30,"Cinema, 1995",
tt0063442,Planet of the Apes,37,1144,161112,01:51:53,"Cinema, 1968",
tt0100405,Pretty Woman,69,1132,172056,01:59:29,"Cinema, 1990",
tt0178868,Ring,82,665,137280,01:35:20,"Cinema, 2000",
tt0379786,Serenity,68,2135,164136,01:53:59,"HE, 2006",
tt0945513,Source Code,103,1443,134232,01:33:13,"Cinema, 2011",
tt1412386,The Best Exotic Marigold Hotel,214,1488,177936,02:03:34,"Cinema, 2012",
tt0118715,The Big Lebowski,55,1070,168312,01:56:53,"Cinema, 1998",
tt0103855,The Bodyguard,128,2151,185952,02:09:08,"Cinema, 1992",
tt1038919,The Bounty Hunter,106,2013,159072,01:50:28,"Cinema, 2010",
tt0440963,The Bourne Ultimatum,309,2761,165648,01:55:02,"Cinema, 2007",
tt0124315,The Cider House Rules,145,1177,180792,02:05:33,"Cinema, 2000",
tt2582846,The Fault in Our Stars,147,1874,191760,02:13:10,"Other, 2014",
tt0068646,The Godfather,197,1250,255552,02:57:28,"Cinema, 1996",
tt0120689,The Green Mile,134,2398,271608,03:08:37,"Other, 2014",
tt1119646,The Hangover,113,1806,155520,01:48:00,"HE, 2009",
tt0399201,The Island,183,2711,195792,02:15:58,"Cinema, 2005",
tt0253474,The Pianist,145,1212,214104,02:28:41,"Cinema, 2002",
tt0976051,The Reader,136,1288,178248,02:03:47,"Cinema, 2008",
tt0088247,The Terminator,49,1851,154104,01:47:01,"Cinema, 1984",
tt0120382,The Truman Show,107,1397,148176,01:42:54,"Cinema, 1998",
tt0092099,Top Gun,148,1875,157416,01:49:19,"Cinema, 2026",
tt1099212,Twilight,151,1764,175248,02:01:42,"Cinema, 2008",
tt0096320,Twins,114,1138,154296,01:47:09,"Cinema, 1988",
tt0052357,Vertigo,94,1101,184896,02:08:24,"Cinema, 2012",
tt0120890,Wild Things,113,1151,165408,01:54:52,"HE, 2023",
,Total (54 videos),6920,86593,9777216,113:09:44,,
